"Category ID";Aktywny;Nazwa;Kategoria-rodzic;Głowna;Zdjęcie
10;1;Akcesoria;"Wszystkie produkty";0;https://github.com/EchoOfEden/obrazki/raw/main/products/1/https://media.mi-home.pl/catalog/product/c/a/cavp000620-1-base-640px.png
11;1;Kabel USB;Akcesoria;0;https://github.com/EchoOfEden/obrazki/raw/main/products/1/https://media.mi-home.pl/catalog/product/c/a/cavp000620-1-base-640px.png
12;1;Powerbank;Akcesoria;0;https://github.com/EchoOfEden/obrazki/raw/main/products/8/https://media.mi-home.pl/catalog/product/b/a/baseus_bipow_digital_display_power_bank_20w-20000mah-2-640px.png
13;1;Folia ochronna;Akcesoria;0;https://github.com/EchoOfEden/obrazki/raw/main/products/20/https://media.mi-home.pl/catalog/product/3/m/3mk_flexibleglass_lite-800px_1_.png
14;1;Myszka;Akcesoria;0;https://github.com/EchoOfEden/obrazki/raw/main/products/21/https://media.mi-home.pl/catalog/product/x/i/xiaomi_wireless_mouse_lite-1-base-800px.png
15;1;Lifestyle;"Wszystkie produkty";0;https://github.com/EchoOfEden/obrazki/raw/main/products/22/https://media.mi-home.pl/catalog/product/cache/1bb0df90ba2783ebead7b42fc9d7db03/x/i/xiaomi_smart_band_7_neon_strap-green-thumbnail-800px.jpg
16;1;Wymienna opaska;Lifestyle;0;https://github.com/EchoOfEden/obrazki/raw/main/products/22/https://media.mi-home.pl/catalog/product/cache/1bb0df90ba2783ebead7b42fc9d7db03/x/i/xiaomi_smart_band_7_neon_strap-green-thumbnail-800px.jpg
17;1;Zestaw klawiatura i mysz;Akcesoria;0;https://github.com/EchoOfEden/obrazki/raw/main/products/24/https://media.mi-home.pl/catalog/product/x/i/xiaomi_wireless_keyboard_and_mouse_combo-1-base-1200px.png
18;1;Laptopy i Tablety;"Wszystkie produkty";0;https://github.com/EchoOfEden/obrazki/raw/main/products/26/https://media.mi-home.pl/catalog/product/cache/1bb0df90ba2783ebead7b42fc9d7db03/r/e/redmi_pad-black-1-base-shadow-1600px_1.png
19;1;Ładowarka;Akcesoria;0;https://github.com/EchoOfEden/obrazki/raw/main/products/27/https://media.mi-home.pl/catalog/product/x/i/xiaomi_charger_combo_type-a-33w-1-1600px.png
20;1;Smartfony i Telefony Xiaomi;"Wszystkie produkty";0;https://github.com/EchoOfEden/obrazki/raw/main/products/28/https://media.mi-home.pl/catalog/product/cache/1bb0df90ba2783ebead7b42fc9d7db03/c/3/c3s-black-1-base-shadow-1600px_1.png
21;1;Inteligentna opaska;Lifestyle;0;https://github.com/EchoOfEden/obrazki/raw/main/products/29/https://media.mi-home.pl/catalog/product/cache/1bb0df90ba2783ebead7b42fc9d7db03/x/i/xiaomi_band_7_pro-white-1-base-1600px.png
22;1;Inteligentne urządzenia;"Wszystkie produkty";0;https://github.com/EchoOfEden/obrazki/raw/main/products/32/https://media.mi-home.pl/catalog/product/x/i/xiaomi_truclean_w10_ultra_wet_dry_vacuum-1-base-1600px.png
23;1;Odkurzacz;Inteligentne urządzenia;0;https://github.com/EchoOfEden/obrazki/raw/main/products/32/https://media.mi-home.pl/catalog/product/x/i/xiaomi_truclean_w10_ultra_wet_dry_vacuum-1-base-1600px.png
24;1;Wideo;"Wszystkie produkty";0;https://github.com/EchoOfEden/obrazki/raw/main/products/33/https://media.mi-home.pl/catalog/product/i/m/imilab_webcam_1080p-1-base-800px.png
25;1;Kamera internetowa;Wideo;0;https://github.com/EchoOfEden/obrazki/raw/main/products/33/https://media.mi-home.pl/catalog/product/i/m/imilab_webcam_1080p-1-base-800px.png
26;1;Golarka;Inteligentne urządzenia;0;https://github.com/EchoOfEden/obrazki/raw/main/products/34/https://media.mi-home.pl/catalog/product/e/n/enchen_boost_hair_clipper_black-1-base-800px.png
27;1;Kompresor;Inteligentne urządzenia;0;https://github.com/EchoOfEden/obrazki/raw/main/products/35/https://media.mi-home.pl/catalog/product/h/o/hoto_portable_electric_air_compressor-1-base-800px.png
28;1;Inteligentny blender;Inteligentne urządzenia;0;https://github.com/EchoOfEden/obrazki/raw/main/products/36/https://media.mi-home.pl/catalog/product/1/7/17pin_portable_juicer-white-1-base-1600px.png
29;1;Pokrywa szczotki odkurzacza;Inteligentne urządzenia;0;https://github.com/EchoOfEden/obrazki/raw/main/products/37/https://media.mi-home.pl/catalog/product/p/m/pms_1638433693.3883953_1_.png
30;1;Torba na zakupy;Lifestyle;0;https://github.com/EchoOfEden/obrazki/raw/main/products/39/https://media.mi-home.pl/catalog/product/x/i/xiaomi_reusable_bag-orange-1-base-800px.png
31;1;Grzejnik;Inteligentne urządzenia;0;https://github.com/EchoOfEden/obrazki/raw/main/products/40/https://media.mi-home.pl/catalog/product/x/i/xiaomi_smart_tower_heater_lite-2-1600px.png
32;1;Inteligentne poidło;Inteligentne urządzenia;0;https://github.com/EchoOfEden/obrazki/raw/main/products/41/https://media.mi-home.pl/catalog/product/x/i/xiaomi_smart_pet_fountain-1-base-1200px.png
33;1;Inteligentna miska;Inteligentne urządzenia;0;https://github.com/EchoOfEden/obrazki/raw/main/products/42/https://media.mi-home.pl/catalog/product/x/i/xiaomi_smart_pet_food_feeder-1-base-1600px.png
34;1;Nawilżacz powietrza;Inteligentne urządzenia;0;https://github.com/EchoOfEden/obrazki/raw/main/products/44/https://media.mi-home.pl/catalog/product/x/i/xiaomi_smart_humidifier_2-1-800px.png
35;1;Dzwonek do drzwi;Akcesoria;0;https://github.com/EchoOfEden/obrazki/raw/main/products/45/https://media.mi-home.pl/catalog/product/x/i/xiaomi_smart_doorbell_3-4-800px.png
36;1;Ładowarka bezprzewodowa Qi;Akcesoria;0;https://github.com/EchoOfEden/obrazki/raw/main/products/48/https://media.mi-home.pl/catalog/product/x/i/xiaomi_50w_wireless_charging_stand-1-base-1600px.png
37;1;Hulajnoga elektryczna;Inteligentne urządzenia;0;https://github.com/EchoOfEden/obrazki/raw/main/products/50/https://media.mi-home.pl/catalog/product/x/i/xiaomi_electric_scooter_4_pro-1-base-1600px.png
38;1;Oczyszczacz powietrza;Inteligentne urządzenia;0;https://github.com/EchoOfEden/obrazki/raw/main/products/51/https://media.mi-home.pl/catalog/product/x/i/xiaomi_smart_air_purifier_4_compact-1-base-1600px.png
39;1;Pendrive;Wideo;0;https://github.com/EchoOfEden/obrazki/raw/main/products/52/https://media.mi-home.pl/catalog/product/l/e/lexar_jumpdrive-s80-128gb-1-500px.png
40;1;Karta pamięci;Wideo;0;https://github.com/EchoOfEden/obrazki/raw/main/products/53/https://media.mi-home.pl/catalog/product/l/e/lexar_microsdxc_a1_play-256gb-1-500px.png
41;1;Audio;"Wszystkie produkty";0;https://github.com/EchoOfEden/obrazki/raw/main/products/56/https://media.mi-home.pl/catalog/product/cache/1bb0df90ba2783ebead7b42fc9d7db03/r/e/redmi_buds_4-white-1-base-1600px.png
42;1;Słuchawki bezprzewodowe;Audio;0;https://github.com/EchoOfEden/obrazki/raw/main/products/56/https://media.mi-home.pl/catalog/product/cache/1bb0df90ba2783ebead7b42fc9d7db03/r/e/redmi_buds_4-white-1-base-1600px.png
43;1;Filtr do oczyszczacza;Inteligentne urządzenia;0;https://github.com/EchoOfEden/obrazki/raw/main/products/59/https://media.mi-home.pl/catalog/product/p/e/petoneer_airmaster_photocatalyst_filter-1-base-800px.png
44;1;Inteligentny mikroskop;Inteligentne urządzenia;0;https://github.com/EchoOfEden/obrazki/raw/main/products/61/https://media.mi-home.pl/catalog/product/b/e/beaverlab_intelligent_microscope-1-base-800px.png
45;1;Masażer szyi;Lifestyle;0;https://github.com/EchoOfEden/obrazki/raw/main/products/62/https://media.mi-home.pl/catalog/product/m/o/momoda_smart_neck_massager-white-1-800px.png
46;1;Pistolet do masażu;Lifestyle;0;https://github.com/EchoOfEden/obrazki/raw/main/products/63/https://media.mi-home.pl/catalog/product/y/u/yunmai_massage_gun_pro_basic-1-base-800px_1.png
47;1;Tarka;Inteligentne urządzenia;0;https://github.com/EchoOfEden/obrazki/raw/main/products/64/https://media.mi-home.pl/catalog/product/h/u/huohou_multi-blade_vegetable_slicer-1-base-800px.png
48;1;Inteligentny podajnik karmy;Inteligentne urządzenia;0;https://github.com/EchoOfEden/obrazki/raw/main/products/65/https://media.mi-home.pl/catalog/product/p/e/petoneer_nutrispin_feeder-1-base-800px.png
49;1;Zestaw śrubokrętów;Akcesoria;0;https://github.com/EchoOfEden/obrazki/raw/main/products/67/https://media.mi-home.pl/catalog/product/h/o/hoto_precision_screwdriver_set-1-base-800px.png
50;1;Myjka ciśnieniowa;Akcesoria;0;https://github.com/EchoOfEden/obrazki/raw/main/products/68/https://media.mi-home.pl/catalog/product/h/o/hoto_20v_cordless_high_pressure_washer-2-800px.png
51;1;Elektryczny korkociąg;Inteligentne urządzenia;0;https://github.com/EchoOfEden/obrazki/raw/main/products/69/https://media.mi-home.pl/catalog/product/h/u/huohou_automatic_wine_bottle_opener-1-base-800px_1.png
52;1;Pułapka na komary;Inteligentne urządzenia;0;https://github.com/EchoOfEden/obrazki/raw/main/products/71/https://media.mi-home.pl/catalog/product/s/o/sothing_cactus_mosquito_killer-1-base-800px.png
53;1;Wentylator;Inteligentne urządzenia;0;https://github.com/EchoOfEden/obrazki/raw/main/products/73/https://media.mi-home.pl/catalog/product/x/i/xiaomi_smart_tower_fan-1-base-800px.png
54;1;Głowica golarki;Inteligentne urządzenia;0;https://github.com/EchoOfEden/obrazki/raw/main/products/75/https://media.mi-home.pl/catalog/product/m/i/mi_5-blade_electric_shaver_replacement_head-1-800px.png
55;1;Lampa sufitowa;Inteligentne urządzenia;0;https://github.com/EchoOfEden/obrazki/raw/main/products/77/https://media.mi-home.pl/catalog/product/c/e/ceiling_light_350mm-1-base-800px.png
56;1;Wymienna ścierka mopa;Inteligentne urządzenia;0;https://github.com/EchoOfEden/obrazki/raw/main/products/78/https://media.mi-home.pl/catalog/product/2/_/2_pro_mop-1-base-800px.png
57;1;Szczotka narożna odkurzacza;Inteligentne urządzenia;0;https://github.com/EchoOfEden/obrazki/raw/main/products/79/https://media.mi-home.pl/catalog/product/2/_/2_pro_side_brush-1-base-800px.png
58;1;Główna szczotka odkurzacza;Inteligentne urządzenia;0;https://github.com/EchoOfEden/obrazki/raw/main/products/80/https://media.mi-home.pl/catalog/product/p/m/pms_1638433712.13776266.png
59;1;Etui;Akcesoria;0;https://github.com/EchoOfEden/obrazki/raw/main/products/86/https://media.mi-home.pl/catalog/product/t/e/tech-protect_defense360_xiaomi_mi_smart_band_7_black-800px.png
60;1;Maszynka do włosów;Inteligentne urządzenia;0;https://github.com/EchoOfEden/obrazki/raw/main/products/87/https://media.mi-home.pl/catalog/product/x/i/xiaomi_hair_clipper-1-base-shadow-1600px.png
61;1;Bezdotykowy termometr;Inteligentne urządzenia;0;https://github.com/EchoOfEden/obrazki/raw/main/products/88/https://media.mi-home.pl/catalog/product/i/h/ihealth_pt3_non-contact_thermomether-1-800px.png
62;1;Przenośny sterylizator wody;Inteligentne urządzenia;0;https://github.com/EchoOfEden/obrazki/raw/main/products/89/https://media.mi-home.pl/catalog/product/p/e/petoneer_uv_sanitizing_pen-2-800px.png
63;1;Czujnik temperatury i wilgotności;Inteligentne urządzenia;0;https://github.com/EchoOfEden/obrazki/raw/main/products/90/https://media.mi-home.pl/catalog/product/q/i/qingping_temp___humidity_monitor-1-800px.png
64;1;Inteligentne hantle;Lifestyle;0;https://github.com/EchoOfEden/obrazki/raw/main/products/91/https://media.mi-home.pl/catalog/product/m/o/move_it_beat_dumbbell_1kg-1-800px.png
65;1;Inteligentna skakanka;Lifestyle;0;https://github.com/EchoOfEden/obrazki/raw/main/products/92/https://media.mi-home.pl/catalog/product/m/o/move_it_volt_smart_rope-1-base-800px.png
66;1;Lampa dezyfekująca;Inteligentne urządzenia;0;https://github.com/EchoOfEden/obrazki/raw/main/products/93/https://media.mi-home.pl/catalog/product/x/i/xiaoda_uvc_sterilization_lamp-2-800px.png
67;1;Urządzenie do odkamieniania zębów;Inteligentne urządzenia;0;https://github.com/EchoOfEden/obrazki/raw/main/products/94/https://media.mi-home.pl/catalog/product/s/u/sunuo_smart_ultrasonic_dental_scaler_t11_pro-1-800px.png
68;1;Suszarka do butów;Inteligentne urządzenia;0;https://github.com/EchoOfEden/obrazki/raw/main/products/97/https://media.mi-home.pl/catalog/product/s/o/sothing_zero_shoes_dryer-white-1-800px.png
69;1;Sterylizator;Inteligentne urządzenia;0;https://github.com/EchoOfEden/obrazki/raw/main/products/98/https://media.mi-home.pl/catalog/product/x/i/xiaotian_dunhome_disinfectant_fluid_generator-thumbnail-800px.png
70;1;Urządzenie do liftingu twarzy;Inteligentne urządzenia;0;https://github.com/EchoOfEden/obrazki/raw/main/products/99/https://media.mi-home.pl/catalog/product/i/n/inface_rf_beauty_lifting_ms6000-pink-1-800px.png
71;1;Depilator laserowy;Inteligentne urządzenia;0;https://github.com/EchoOfEden/obrazki/raw/main/products/100/https://media.mi-home.pl/catalog/product/i/n/inface_ipl_depilatory_laser-pink-1-base-1600px.png
72;1;Szczoteczka soniczna do twarzy;Inteligentne urządzenia;0;https://github.com/EchoOfEden/obrazki/raw/main/products/101/https://media.mi-home.pl/catalog/product/cache/1bb0df90ba2783ebead7b42fc9d7db03/i/n/inface_ms2000_upgraded-red-2-800px.png
73;1;Odkurzacz do wągrów;Inteligentne urządzenia;0;https://github.com/EchoOfEden/obrazki/raw/main/products/104/https://media.mi-home.pl/catalog/product/cache/1bb0df90ba2783ebead7b42fc9d7db03/i/n/inface_blackhead_remover_ms7000-pink-1-base-1600px.png
74;1;Zestaw wkrętaków;Akcesoria;0;https://github.com/EchoOfEden/obrazki/raw/main/products/105/https://media.mi-home.pl/catalog/product/cache/1bb0df90ba2783ebead7b42fc9d7db03/h/o/hoto_24in1_precision_screwdriver-black-1-1600px.png
75;1;Jonowy masażer do twarzy;Inteligentne urządzenia;0;https://github.com/EchoOfEden/obrazki/raw/main/products/106/https://media.mi-home.pl/catalog/product/cache/1bb0df90ba2783ebead7b42fc9d7db03/i/n/inface_ion-yellow-1-1600px.png
76;1;Urządzenie do peelingu kawitacyjnego;Inteligentne urządzenia;0;https://github.com/EchoOfEden/obrazki/raw/main/products/107/https://media.mi-home.pl/catalog/product/cache/1bb0df90ba2783ebead7b42fc9d7db03/i/n/inface_ms7100-white-1-800px.png
77;1;Wkład filtrujący;Inteligentne urządzenia;0;https://github.com/EchoOfEden/obrazki/raw/main/products/109/https://media.mi-home.pl/catalog/product/p/e/petoneer-fsl020-_-fsw030-replacement-filters-1-800px.png
78;1;Laserowa zabawka dla zwierząt;Inteligentne urządzenia;0;https://github.com/EchoOfEden/obrazki/raw/main/products/113/https://media.mi-home.pl/catalog/product/p/e/petoneer-cat-laser-toy-1-800px.png
79;1;Trymer dla zwierząt;Inteligentne urządzenia;0;https://github.com/EchoOfEden/obrazki/raw/main/products/116/https://media.mi-home.pl/catalog/product/p/a/pawbby_pet_groomer_clippers-1-800px.png
80;1;Szliferka do pazurów;Inteligentne urządzenia;0;https://github.com/EchoOfEden/obrazki/raw/main/products/117/https://media.mi-home.pl/catalog/product/p/a/pawbby_electric_pet_nail_grinder-1-base-800px.png
81;1;Inteligentne akwarium;Inteligentne urządzenia;0;https://github.com/EchoOfEden/obrazki/raw/main/products/118/https://media.mi-home.pl/catalog/product/d/e/desgeo_ecological_lazy_fish_tank_pro-1-800px.png
82;1;Waga kuchenna;Inteligentne urządzenia;0;https://github.com/EchoOfEden/obrazki/raw/main/products/124/https://media.mi-home.pl/catalog/product/h/o/hoto_smart_kitchen_scale-1-800px.png
83;1;Składana pralka;Inteligentne urządzenia;0;https://github.com/EchoOfEden/obrazki/raw/main/products/125/https://media.mi-home.pl/catalog/product/m/o/moyu_portable_washing_machine-1-800px.png
84;1;Lokalizator;Lifestyle;0;https://github.com/EchoOfEden/obrazki/raw/main/products/126/https://media.mi-home.pl/catalog/product/p/r/product_picture-1600px-_png-template_1.png
85;1;Młynek elektryczny;Inteligentne urządzenia;0;https://github.com/EchoOfEden/obrazki/raw/main/products/127/https://media.mi-home.pl/catalog/product/cache/1bb0df90ba2783ebead7b42fc9d7db03/h/u/huohou_electric_grinder-white-1-800px.png
86;1;Dalmierz;Akcesoria;0;https://github.com/EchoOfEden/obrazki/raw/main/products/128/https://media.mi-home.pl/catalog/product/x/i/xiaomi_smart_laser_measure-thumbnail-2-800px.png
87;1;Jednorazowy worek na odpady;Inteligentne urządzenia;0;https://github.com/EchoOfEden/obrazki/raw/main/products/130/https://media.mi-home.pl/catalog/product/m/i/mi_robot_ultra_disposable_bag-thumbnail-800px.jpg
88;1;Dedykowany kabel ładujący;Akcesoria;0;https://github.com/EchoOfEden/obrazki/raw/main/products/131/https://media.mi-home.pl/catalog/product/s/1/s1_charging_dock-thumbnail-800px_1.png
89;1;Szkło hartowane;Akcesoria;0;https://github.com/EchoOfEden/obrazki/raw/main/products/132/https://media.mi-home.pl/catalog/product/3/m/3mk-hardglassmaxlite-thumbnail-1000px_1.jpg
90;1;Uchwyt rowerowy;Inteligentne urządzenia;0;https://github.com/EchoOfEden/obrazki/raw/main/products/133/https://media.mi-home.pl/catalog/product/m/i/mijia_m365-thumbnail-800px.jpg
91;1;Inteligentna żarówka;Inteligentne urządzenia;0;https://github.com/EchoOfEden/obrazki/raw/main/products/136/https://media.mi-home.pl/catalog/product/x/i/xiaomi_smart_led_bulb_essential-white_color-1-base-800px.png
92;1;Bezprzewodowa wiertarka;Akcesoria;0;https://github.com/EchoOfEden/obrazki/raw/main/products/138/https://media.mi-home.pl/catalog/product/x/i/xiaomi_12v_cordless_drill-1-base-shadow-1600px.png
93;1;Suszarka do włosów;Inteligentne urządzenia;0;https://github.com/EchoOfEden/obrazki/raw/main/products/139/https://media.mi-home.pl/catalog/product/w/a/water_ionic_hair_dryer_h500-1-base-1600px.png
94;1;Filtr do odkurzacza;Inteligentne urządzenia;0;https://github.com/EchoOfEden/obrazki/raw/main/products/149/https://media.mi-home.pl/catalog/product/p/m/pms_1575513136.28599773_1.jpg
95;1;Smartwatch;Lifestyle;0;https://github.com/EchoOfEden/obrazki/raw/main/products/155/https://media.mi-home.pl/catalog/product/cache/1bb0df90ba2783ebead7b42fc9d7db03/w/a/watch_s1_active-black-1-base-shadow-1600px_1.png
96;1;Wkrętarka akumulatorowa;Akcesoria;0;https://github.com/EchoOfEden/obrazki/raw/main/products/167/https://media.mi-home.pl/catalog/product/x/i/xiaomi_electric_precision_screwdriver-1-800px.png
97;1;Router Wi-Fi;Akcesoria;0;https://github.com/EchoOfEden/obrazki/raw/main/products/173/https://media.mi-home.pl/catalog/product/x/i/xiaomi_f490_mobile_wifi-1-base-640px.png
98;1;Mi TV;"Wszystkie produkty";0;https://github.com/EchoOfEden/obrazki/raw/main/products/177/https://media.mi-home.pl/catalog/product/x/i/xiaomi_tv_stick_4k-1-800px.png
99;1;Odtwarzacz multimedialny;Mi TV;0;https://github.com/EchoOfEden/obrazki/raw/main/products/177/https://media.mi-home.pl/catalog/product/x/i/xiaomi_tv_stick_4k-1-800px.png
100;1;Lampka;Inteligentne urządzenia;0;https://github.com/EchoOfEden/obrazki/raw/main/products/178/https://media.mi-home.pl/catalog/product/m/i/mi_night_light_2_bt-1-base-800px.png
101;1;Kamera IP;Wideo;0;https://github.com/EchoOfEden/obrazki/raw/main/products/185/https://media.mi-home.pl/catalog/product/m/i/mi_camera_2k_magnetic_mount-1-base-800px.png
102;1;Stacja dokująca z odsysaniem zanieczyszczeń;Inteligentne urządzenia;0;https://github.com/EchoOfEden/obrazki/raw/main/products/190/https://media.mi-home.pl/catalog/product/m/i/mi_robot_vacuum-mop_2_ultra_station-1-base-1600px.png
103;1;Adapter;Akcesoria;0;https://github.com/EchoOfEden/obrazki/raw/main/products/197/https://media.mi-home.pl/catalog/product/b/a/baseus_usb-c_to_a_adapter-1-base-640px.png
104;1;Walizka podróżna;Lifestyle;0;https://github.com/EchoOfEden/obrazki/raw/main/products/198/https://media.mi-home.pl/catalog/product/4/2/42042.png
105;1;System sieciowy Mesh;Akcesoria;0;https://github.com/EchoOfEden/obrazki/raw/main/products/201/https://media.mi-home.pl/catalog/product/cache/91e4134c250126f728407f4a240ddcd7/x/i/xiaomi_ax3000-1-base-800px.png
106;1;Nerka;Lifestyle;0;https://github.com/EchoOfEden/obrazki/raw/main/products/202/https://media.mi-home.pl/catalog/product/x/i/xiaomi_sports_fanny_pack-1-base-1600px.png
107;1;Projektor;Wideo;0;https://github.com/EchoOfEden/obrazki/raw/main/products/211/https://media.mi-home.pl/catalog/product/m/i/mi_smart_projector_2-1-base-800px.png
108;1;Rysik;Laptopy i Tablety;0;https://github.com/EchoOfEden/obrazki/raw/main/products/220/https://media.mi-home.pl/catalog/product/x/i/xiaomi_smart_pen-1600px-1-base-shadow.png
109;1;Wzmacniacz sygnału Wi-Fi;Akcesoria;0;https://github.com/EchoOfEden/obrazki/raw/main/products/229/https://media.mi-home.pl/catalog/product/m/i/mi_wifi_range_extender_ac1200-1600px-1.png
110;1;Monitor;Wideo;0;https://github.com/EchoOfEden/obrazki/raw/main/products/232/https://media.mi-home.pl/catalog/product/m/i/mi_2k_gaming_monitor_27-1-base-1200px.png
111;1;Ładowarka samochodowa;Audio;0;https://github.com/EchoOfEden/obrazki/raw/main/products/235/https://media.mi-home.pl/catalog/product/b/a/baseus_car_charger_fm_transmiter-1-base-640px.png
112;1;Plecak;Lifestyle;0;https://github.com/EchoOfEden/obrazki/raw/main/products/243/https://media.mi-home.pl/catalog/product/cache/1bb0df90ba2783ebead7b42fc9d7db03/m/i/mi_business_casual_backpack-dark_grey-1-base-1600px.png
113;1;Uchwyt samochodowy;Lifestyle;0;https://github.com/EchoOfEden/obrazki/raw/main/products/252/https://media.mi-home.pl/catalog/product/b/a/baseusjourney-0-hero-640px.png
114;1;Rower elektryczny;Inteligentne urządzenia;0;https://github.com/EchoOfEden/obrazki/raw/main/products/262/https://media.mi-home.pl/catalog/product/m/i/mismartelectricfoldingbike-800px-1_2.png
115;1;Telewizor;Mi TV;0;https://github.com/EchoOfEden/obrazki/raw/main/products/263/https://media.mi-home.pl/catalog/product/m/i/mitvp1-32-1600px-1.png
116;1;Mydło w płynie;Lifestyle;0;https://github.com/EchoOfEden/obrazki/raw/main/products/265/https://media.mi-home.pl/catalog/product/m/i/misimplewayfoaminghandsoap-pink-800px-1.png
117;1;Głośnik bezprzewodowy;Audio;0;https://github.com/EchoOfEden/obrazki/raw/main/products/268/https://media.mi-home.pl/catalog/product/m/i/miportablebtspeaker-800px-0-hero-shadow.png
118;1;Uchwyt do telefonu;Akcesoria;0;https://github.com/EchoOfEden/obrazki/raw/main/products/285/https://media.mi-home.pl/catalog/product/b/a/baseusmagneticphonering-800px-1.png
119;1;Tablet graficzny;Laptopy i Tablety;0;https://github.com/EchoOfEden/obrazki/raw/main/products/292/https://media.mi-home.pl/catalog/product/m/i/milcdwritingtablet_135-800px-0-hero-shadow.png
120;1;Inteligentny czajnik;Inteligentne urządzenia;0;https://github.com/EchoOfEden/obrazki/raw/main/products/300/https://media.mi-home.pl/catalog/product/m/i/mismartkettlepro-800px-01.png
121;1;Szkło ochronne;Akcesoria;0;https://github.com/EchoOfEden/obrazki/raw/main/products/314/https://media.mi-home.pl/catalog/product/3/m/3mk-lensprotection-800px-0_3_.png
122;1;Śmigła;Lifestyle;0;https://github.com/EchoOfEden/obrazki/raw/main/products/322/https://media.mi-home.pl/catalog/product/m/i/miremotecontroldroneminipropellers-1600px-hero.png
123;1;Ramki ochronne;Lifestyle;0;https://github.com/EchoOfEden/obrazki/raw/main/products/323/https://media.mi-home.pl/catalog/product/m/i/miremotecontroldroneminipropellerguard-1600px-hero.png
124;1;Zdalnie sterowany dron z kamerą;Lifestyle;0;https://github.com/EchoOfEden/obrazki/raw/main/products/324/https://media.mi-home.pl/catalog/product/m/i/miremotecontroldronemini-800px-2.png
125;1;Długopis;Akcesoria;0;https://github.com/EchoOfEden/obrazki/raw/main/products/325/https://media.mi-home.pl/catalog/product/cache/1bb0df90ba2783ebead7b42fc9d7db03/m/i/mialuminumrollerballpen-gold-800px-hero_1_.png
126;1;Zabawka;Lifestyle;0;https://github.com/EchoOfEden/obrazki/raw/main/products/326/https://media.mi-home.pl/catalog/product/m/i/mibunnymiturobotrover-1600px-hero.png
127;1;Słuchawki przewodowe;Audio;0;https://github.com/EchoOfEden/obrazki/raw/main/products/328/https://media.mi-home.pl/catalog/product/cache/1bb0df90ba2783ebead7b42fc9d7db03/m/i/miearphonesbasic-red-640px-hero.png
128;1;Okulary;Lifestyle;0;https://github.com/EchoOfEden/obrazki/raw/main/products/332/https://media.mi-home.pl/catalog/product/cache/1bb0df90ba2783ebead7b42fc9d7db03/t/s/tscomputerglasses-red-640px-hero.png
129;1;Selfie Stick;Wideo;0;https://github.com/EchoOfEden/obrazki/raw/main/products/333/https://media.mi-home.pl/catalog/product/cache/1bb0df90ba2783ebead7b42fc9d7db03/m/i/miselfiestick-black-800px-1.png
130;1;Sensor światła;Inteligentne urządzenia;0;https://github.com/EchoOfEden/obrazki/raw/main/products/334/https://media.mi-home.pl/catalog/product/m/i/mismartlightsensor-800px-1.png
131;1;Pojazd samobalansujący;Inteligentne urządzenia;0;https://github.com/EchoOfEden/obrazki/raw/main/products/335/https://media.mi-home.pl/catalog/product/cache/1bb0df90ba2783ebead7b42fc9d7db03/n/i/ninebots-black-800px-1.png
132;1;Kask;Inteligentne urządzenia;0;https://github.com/EchoOfEden/obrazki/raw/main/products/339/https://media.mi-home.pl/catalog/product/cache/1bb0df90ba2783ebead7b42fc9d7db03/m/i/micommuterhelmet-black-800px-hero.png
133;1;Kamera sportowa;Wideo;0;https://github.com/EchoOfEden/obrazki/raw/main/products/344/https://media.mi-home.pl/catalog/product/m/i/mi4kactioncamera-800px-hero.png
134;1;Obudowa wodoodporna;Akcesoria;0;https://github.com/EchoOfEden/obrazki/raw/main/products/345/https://media.mi-home.pl/catalog/product/m/i/mi4kactioncamerawaterproofcase-800px-hero.png
135;1;Narożna szczotka;Inteligentne urządzenia;0;https://github.com/EchoOfEden/obrazki/raw/main/products/350/https://media.mi-home.pl/catalog/product/m/i/mirobotvacuummopprosidebrushwhite-800px-hero.png
136;1;Zbiornik na wodę;Inteligentne urządzenia;0;https://github.com/EchoOfEden/obrazki/raw/main/products/355/https://media.mi-home.pl/catalog/product/m/i/mirobotvacuummopprowatertank-800px-hero.png
137;1;Wodoodporna mata pod odkurzacz;Inteligentne urządzenia;0;https://github.com/EchoOfEden/obrazki/raw/main/products/361/https://media.mi-home.pl/catalog/product/m/i/mirobotvacuummop1cwaterproofmat-800px-hero.png
138;1;Drukarka do zdjęć;Wideo;0;https://github.com/EchoOfEden/obrazki/raw/main/products/379/https://media.mi-home.pl/catalog/product/m/i/miportablephotoprinter-800px-hero.png
139;1;Inteligentny ryżowar;Inteligentne urządzenia;0;https://github.com/EchoOfEden/obrazki/raw/main/products/401/https://media.mi-home.pl/catalog/product/m/i/miinductionheatingricecooker3l-800px-hero_1_.png
140;1;Zestaw słuchawkowy;Audio;0;https://github.com/EchoOfEden/obrazki/raw/main/products/405/https://media.mi-home.pl/catalog/product/cache/1bb0df90ba2783ebead7b42fc9d7db03/m/i/mibluetoothheadset_basic-black-640px-hero.png
141;1;Gniazdko sieciowe;Akcesoria;0;https://github.com/EchoOfEden/obrazki/raw/main/products/417/https://media.mi-home.pl/catalog/product/m/i/mismartpowerplug_zigbee_-640px-hero_1.png
142;1;Tripod;Wideo;0;https://github.com/EchoOfEden/obrazki/raw/main/products/421/https://media.mi-home.pl/catalog/product/cache/1bb0df90ba2783ebead7b42fc9d7db03/m/i/mi-selfie-stick-tripod-grey-640px-hero.png
143;1;Pompka;Inteligentne urządzenia;0;https://github.com/EchoOfEden/obrazki/raw/main/products/422/https://media.mi-home.pl/catalog/product/m/i/miportableelectricairpump-800px-hero.png
144;1;Wideorejestrator;Wideo;0;https://github.com/EchoOfEden/obrazki/raw/main/products/423/https://media.mi-home.pl/catalog/product/m/i/midashcam1s-1600px-hero.png
145;1;Czujnik okien i drzwi;Inteligentne urządzenia;0;https://github.com/EchoOfEden/obrazki/raw/main/products/425/https://media.mi-home.pl/catalog/product/m/i/mismartwindow_doorsensor-640px-hero.png
146;1;Programowalny przycisk sterujący;Inteligentne urządzenia;0;https://github.com/EchoOfEden/obrazki/raw/main/products/426/https://media.mi-home.pl/catalog/product/m/i/mismartwirelessswitch-640px-hero.png
147;1;Płyta indukcyjna;Inteligentne urządzenia;0;https://github.com/EchoOfEden/obrazki/raw/main/products/431/https://media.mi-home.pl/catalog/product/m/i/miinductioncooker-1200px-hero.png
148;1;Przedłużenie do paska LED;Inteligentne urządzenia;0;https://github.com/EchoOfEden/obrazki/raw/main/products/433/https://media.mi-home.pl/catalog/product/y/e/yeelightlightstripplusextension-800px-hero.png
149;1;Pasek LED;Inteligentne urządzenia;0;https://github.com/EchoOfEden/obrazki/raw/main/products/434/https://media.mi-home.pl/catalog/product/y/e/yeelightlightstripplus-800px-hero.png
150;1;Dzbanek filtracyjny;Inteligentne urządzenia;0;https://github.com/EchoOfEden/obrazki/raw/main/products/436/https://media.mi-home.pl/catalog/product/m/i/miwaterfilterpitcher-800px-hero.png
151;1;Czajnik elektryczny;Inteligentne urządzenia;0;https://github.com/EchoOfEden/obrazki/raw/main/products/437/https://media.mi-home.pl/catalog/product/m/i/mielectrickettle-1600px-hero.png
152;1;Taśma barierowa;Inteligentne urządzenia;0;https://github.com/EchoOfEden/obrazki/raw/main/products/440/https://media.mi-home.pl/catalog/product/m/i/mirobotvacuumcleanerbarriertape-1200px-hero.png
153;1;Papier fotograficzny;Wideo;0;https://github.com/EchoOfEden/obrazki/raw/main/products/462/https://media.mi-home.pl/catalog/product/m/i/miportablephotoprinterpaper-800px-hero.png
154;1;Parasolka;Lifestyle;0;https://github.com/EchoOfEden/obrazki/raw/main/products/466/https://media.mi-home.pl/catalog/product/m/i/miautomaticumbrellablack-800px-hero.png
155;1;Soundbar;Mi TV;0;https://github.com/EchoOfEden/obrazki/raw/main/products/482/https://media.mi-home.pl/catalog/product/x/i/xiaomi_soundbar_3.1ch-1-base-800px.png
156;1;Bateria;Wideo;0;https://github.com/EchoOfEden/obrazki/raw/main/products/487/https://media.mi-home.pl/catalog/product/m/i/mi4kactioncamerabattery-640px-hero.png
157;1;Czujnik ruchu;Inteligentne urządzenia;0;https://github.com/EchoOfEden/obrazki/raw/main/products/491/https://media.mi-home.pl/catalog/product/m/i/mismartmotionsensor-640px-hero.png
